<?xml version="1.0" encoding="utf-8" ?>
<dwsync>
<file name="fotoch1.jpg" server="ftp.cursocreativo.com" local="128339525400000000" remote="129371876400000000" />
<file name="fotoch10.jpg" server="ftp.cursocreativo.com" local="128339525400000000" remote="129371876400000000" />
<file name="fotoch11.jpg" server="ftp.cursocreativo.com" local="128339525400000000" remote="129371877000000000" />
<file name="fotoch12.jpg" server="ftp.cursocreativo.com" local="128339525400000000" remote="129371877000000000" />
<file name="fotoch13.jpg" server="ftp.cursocreativo.com" local="128339525400000000" remote="129371877000000000" />
<file name="fotoch14.jpg" server="ftp.cursocreativo.com" local="128339525400000000" remote="129371877000000000" />
<file name="fotoch15.jpg" server="ftp.cursocreativo.com" local="128339525400000000" remote="129371877000000000" />
<file name="fotoch16.jpg" server="ftp.cursocreativo.com" local="128339525400000000" remote="129371877000000000" />
<file name="fotoch17.jpg" server="ftp.cursocreativo.com" local="128339525400000000" remote="129371877000000000" />
<file name="fotoch18.jpg" server="ftp.cursocreativo.com" local="128339525400000000" remote="129371877000000000" />
<file name="fotoch19.jpg" server="ftp.cursocreativo.com" local="128339525400000000" remote="129371877000000000" />
<file name="fotoch2.jpg" server="ftp.cursocreativo.com" local="128339525400000000" remote="129371877000000000" />
<file name="fotoch20.jpg" server="ftp.cursocreativo.com" local="128339525400000000" remote="129371877000000000" />
<file name="fotoch21.jpg" server="ftp.cursocreativo.com" local="128339525400000000" remote="129371877000000000" />
<file name="fotoch22.jpg" server="ftp.cursocreativo.com" local="128339525400000000" remote="129371877000000000" />
<file name="fotoch23.jpg" server="ftp.cursocreativo.com" local="128339525400000000" remote="129371877000000000" />
<file name="fotoch24.jpg" server="ftp.cursocreativo.com" local="128339525400000000" remote="129371877000000000" />
<file name="fotoch25.jpg" server="ftp.cursocreativo.com" local="128339525400000000" remote="129371877000000000" />
<file name="fotoch26.jpg" server="ftp.cursocreativo.com" local="128339525400000000" remote="129371877000000000" />
<file name="fotoch27.jpg" server="ftp.cursocreativo.com" local="128339525400000000" remote="129371877000000000" />
<file name="fotoch28.jpg" server="ftp.cursocreativo.com" local="128339525400000000" remote="129371877000000000" />
<file name="fotoch29.jpg" server="ftp.cursocreativo.com" local="128339525400000000" remote="129371877000000000" />
<file name="fotoch3.jpg" server="ftp.cursocreativo.com" local="128339525400000000" remote="129371877000000000" />
<file name="fotoch30.jpg" server="ftp.cursocreativo.com" local="128339525400000000" remote="129371877000000000" />
<file name="fotoch31.jpg" server="ftp.cursocreativo.com" local="128339525400000000" remote="129371877000000000" />
<file name="fotoch32.jpg" server="ftp.cursocreativo.com" local="128339525400000000" remote="129371877000000000" />
<file name="fotoch33.jpg" server="ftp.cursocreativo.com" local="128339525400000000" remote="129371877000000000" />
<file name="fotoch34.jpg" server="ftp.cursocreativo.com" local="128339525400000000" remote="129371877000000000" />
<file name="fotoch35.jpg" server="ftp.cursocreativo.com" local="128339525400000000" remote="129371877000000000" />
<file name="fotoch36.jpg" server="ftp.cursocreativo.com" local="128339525400000000" remote="129371877000000000" />
<file name="fotoch37.jpg" server="ftp.cursocreativo.com" local="128339525400000000" remote="129371877000000000" />
<file name="fotoch38.jpg" server="ftp.cursocreativo.com" local="128339525400000000" remote="129371877000000000" />
<file name="fotoch39.jpg" server="ftp.cursocreativo.com" local="128339525400000000" remote="129371877000000000" />
<file name="fotoch4.jpg" server="ftp.cursocreativo.com" local="128339526000000000" remote="129371877000000000" />
<file name="fotoch40.jpg" server="ftp.cursocreativo.com" local="128339525400000000" remote="129371877000000000" />
<file name="fotoch41.jpg" server="ftp.cursocreativo.com" local="128339525400000000" remote="129371877000000000" />
<file name="fotoch42.jpg" server="ftp.cursocreativo.com" local="128339525400000000" remote="129371877000000000" />
<file name="fotoch43.jpg" server="ftp.cursocreativo.com" local="128339525400000000" remote="129371877000000000" />
<file name="fotoch44.jpg" server="ftp.cursocreativo.com" local="128339525400000000" remote="129371877000000000" />
<file name="fotoch45.jpg" server="ftp.cursocreativo.com" local="128339525400000000" remote="129371877000000000" />
<file name="fotoch46+.jpg" server="ftp.cursocreativo.com" local="128339525400000000" remote="129371877000000000" />
<file name="fotoch46.jpg" server="ftp.cursocreativo.com" local="128339525400000000" remote="129371877000000000" />
<file name="fotoch47.jpg" server="ftp.cursocreativo.com" local="128339525400000000" remote="129371877000000000" />
<file name="fotoch48.jpg" server="ftp.cursocreativo.com" local="128339526000000000" remote="129371877000000000" />
<file name="fotoch49.jpg" server="ftp.cursocreativo.com" local="128339526000000000" remote="129371877000000000" />
<file name="fotoch5.jpg" server="ftp.cursocreativo.com" local="128339526000000000" remote="129371877000000000" />
<file name="fotoch50.jpg" server="ftp.cursocreativo.com" local="128339526000000000" remote="129371877000000000" />
<file name="fotoch51.jpg" server="ftp.cursocreativo.com" local="128339526000000000" remote="129371877000000000" />
<file name="fotoch52.jpg" server="ftp.cursocreativo.com" local="128339526000000000" remote="129371877000000000" />
<file name="fotoch53.jpg" server="ftp.cursocreativo.com" local="128339526000000000" remote="129371877000000000" />
<file name="fotoch54.jpg" server="ftp.cursocreativo.com" local="128339526000000000" remote="129371877000000000" />
<file name="fotoch55.jpg" server="ftp.cursocreativo.com" local="128339526000000000" remote="129371877000000000" />
<file name="fotoch56.jpg" server="ftp.cursocreativo.com" local="128339526000000000" remote="129371877000000000" />
<file name="fotoch57.jpg" server="ftp.cursocreativo.com" local="128339526000000000" remote="129371877000000000" />
<file name="fotoch58.jpg" server="ftp.cursocreativo.com" local="128339526000000000" remote="129371877000000000" />
<file name="fotoch59.jpg" server="ftp.cursocreativo.com" local="128339526000000000" remote="129371877000000000" />
<file name="fotoch6.jpg" server="ftp.cursocreativo.com" local="128339526000000000" remote="129371877000000000" />
<file name="fotoch60.jpg" server="ftp.cursocreativo.com" local="128339526000000000" remote="129371877000000000" />
<file name="fotoch61.jpg" server="ftp.cursocreativo.com" local="128339526000000000" remote="129371877000000000" />
<file name="fotoch62.jpg" server="ftp.cursocreativo.com" local="128339526000000000" remote="129371877000000000" />
<file name="fotoch63.jpg" server="ftp.cursocreativo.com" local="128339526000000000" remote="129371877000000000" />
<file name="fotoch64.jpg" server="ftp.cursocreativo.com" local="128339526000000000" remote="129371877000000000" />
<file name="fotoch65.jpg" server="ftp.cursocreativo.com" local="128339526000000000" remote="129371877000000000" />
<file name="fotoch66.jpg" server="ftp.cursocreativo.com" local="128339526000000000" remote="129371877000000000" />
<file name="fotoch67.jpg" server="ftp.cursocreativo.com" local="128339526000000000" remote="129371877000000000" />
<file name="fotoch68.jpg" server="ftp.cursocreativo.com" local="128339526000000000" remote="129371877000000000" />
<file name="fotoch69.jpg" server="ftp.cursocreativo.com" local="128339526000000000" remote="129371877000000000" />
<file name="fotoch7.jpg" server="ftp.cursocreativo.com" local="128339526000000000" remote="129371877000000000" />
<file name="fotoch70.jpg" server="ftp.cursocreativo.com" local="128339526000000000" remote="129371877000000000" />
<file name="fotoch71.jpg" server="ftp.cursocreativo.com" local="128339526000000000" remote="129371877000000000" />
<file name="fotoch72.jpg" server="ftp.cursocreativo.com" local="128339526000000000" remote="129371877000000000" />
<file name="fotoch73.jpg" server="ftp.cursocreativo.com" local="128339526000000000" remote="129371877000000000" />
<file name="fotoch74.jpg" server="ftp.cursocreativo.com" local="128339526000000000" remote="129371877000000000" />
<file name="fotoch75.jpg" server="ftp.cursocreativo.com" local="128339526000000000" remote="129371877000000000" />
<file name="fotoch76.jpg" server="ftp.cursocreativo.com" local="128339526000000000" remote="129371877600000000" />
<file name="fotoch77.jpg" server="ftp.cursocreativo.com" local="128339526000000000" remote="129371877600000000" />
<file name="fotoch8.jpg" server="ftp.cursocreativo.com" local="128339526000000000" remote="129371877600000000" />
<file name="fotoch9.jpg" server="ftp.cursocreativo.com" local="128339526000000000" remote="129371877600000000" />
</dwsync>